{"cameraMode":{"drawMode":0,"name":"Shaded","section":"Shading Mode"},"sceneLighting":false,"audioPlay":false,"sceneViewState":{"showFog":true,"showMaterialUpdate":true,"showSkybox":true,"showFlares":true,"showImageEffects":true,"showParticleSystems":true},"in2DMode":false,"pivot":{"x":31.450183868408204,"y":5.4329094886779789,"z":104.62686920166016},"rotation":{"x":0.028530215844511987,"y":-0.6555302739143372,"z":0.024797430261969568,"w":0.7542222142219544},"size":25.732892990112306,"orthographic":false}