{"cameraMode":{"drawMode":0,"name":"Shaded","section":"Shading Mode"},"sceneLighting":false,"audioPlay":false,"sceneViewState":{"showFog":true,"showMaterialUpdate":true,"showSkybox":true,"showFlares":true,"showImageEffects":true,"showParticleSystems":true},"in2DMode":false,"pivot":{"x":-18.668807983398439,"y":17.98821258544922,"z":98.55247497558594},"rotation":{"x":0.02696852944791317,"y":-0.5863970518112183,"z":0.019540177658200265,"w":0.8093388676643372},"size":9.626677513122559,"orthographic":false}