{"cameraMode":{"drawMode":0,"name":"Shaded","section":"Shading Mode"},"sceneLighting":false,"audioPlay":false,"sceneViewState":{"showFog":true,"showMaterialUpdate":true,"showSkybox":true,"showFlares":true,"showImageEffects":true,"showParticleSystems":true},"in2DMode":false,"pivot":{"x":28.43600082397461,"y":0.4659999907016754,"z":104.37999725341797},"rotation":{"x":-0.02299780398607254,"y":-0.9744330048561096,"z":0.18974196910858155,"w":-0.1181078851222992},"size":11.957326889038086,"orthographic":false}