{"cameraMode":{"drawMode":0,"name":"Shaded","section":"Shading Mode"},"sceneLighting":false,"audioPlay":false,"sceneViewState":{"showFog":true,"showMaterialUpdate":true,"showSkybox":true,"showFlares":true,"showImageEffects":true,"showParticleSystems":true},"in2DMode":false,"pivot":{"x":18.21790313720703,"y":16.40593147277832,"z":48.88068771362305},"rotation":{"x":0.11964098364114762,"y":-0.27423015236854555,"z":0.0344061516225338,"w":0.9535722732543945},"size":-0.9245550036430359,"orthographic":false}