{"cameraMode":{"drawMode":0,"name":"Shaded","section":"Shading Mode"},"sceneLighting":false,"audioPlay":false,"sceneViewState":{"showFog":true,"showMaterialUpdate":true,"showSkybox":true,"showFlares":true,"showImageEffects":true,"showParticleSystems":true},"in2DMode":false,"pivot":{"x":6.905489444732666,"y":6.640268325805664,"z":66.10031127929688},"rotation":{"x":0.21010282635688783,"y":-0.03430655971169472,"z":0.007377655711025,"w":0.9770494103431702},"size":38.696109771728519,"orthographic":false}