{"cameraMode":{"drawMode":0,"name":"Shaded","section":"Shading Mode"},"sceneLighting":false,"audioPlay":false,"sceneViewState":{"showFog":true,"showMaterialUpdate":true,"showSkybox":true,"showFlares":true,"showImageEffects":true,"showParticleSystems":true},"in2DMode":false,"pivot":{"x":0.36361247301101687,"y":1.4112383127212525,"z":63.174461364746097},"rotation":{"x":-0.05576415732502937,"y":-0.02628050185739994,"z":0.0014690659008920193,"w":-0.9980970025062561},"size":1.6016650199890137,"orthographic":false}