{"cameraMode":{"drawMode":0,"name":"Shaded","section":"Shading Mode"},"sceneLighting":false,"audioPlay":false,"sceneViewState":{"showFog":true,"showMaterialUpdate":true,"showSkybox":true,"showFlares":true,"showImageEffects":true,"showParticleSystems":true},"in2DMode":false,"pivot":{"x":4.001838684082031,"y":9.955743789672852,"z":86.79216766357422},"rotation":{"x":-0.01579766906797886,"y":0.9632858037948608,"z":-0.05816596373915672,"w":-0.2616249620914459},"size":44.053470611572269,"orthographic":false}